"path","reference_count","sources","size_kb"
"images/ch1/hinh-002.png","2","chapters/ch1/muc-I-4.html; js/pages.js","66.88"
"images/ch1/hinh-013.png","2","chapters/ch1/muc-I-4.html; js/pages.js","177.17"
"images/ch1/hinh-017.png","2","chapters/ch1/muc-I-6.html; js/pages.js","249.44"
"images/ch1/hinh-019.png","2","chapters/ch1/muc-I-8.html; js/pages.js","316.57"
"images/ch1/hinh-020.png","2","chapters/ch1/muc-II-1.html; js/pages.js","134.1"
"images/ch1/hinh-026.png","2","chapters/ch1/muc-II-2.html; js/pages.js","66.48"
"images/ch1/hinh-031.png","2","chapters/ch1/muc-II-3.html; js/pages.js","199.62"
"images/ch1/hinh-032.png","2","chapters/ch1/muc-II-4.html; js/pages.js","252.85"
"images/ch1/hinh-033.png","2","chapters/ch1/muc-II-5.html; js/pages.js","172.42"
"images/ch1/hinh-034.png","2","chapters/ch1/muc-II-6.html; js/pages.js","552.62"
"images/ch1/hinh-035.png","2","chapters/ch1/muc-II-6.html; js/pages.js","311"
"images/ch1/hinh-036.png","2","chapters/ch1/muc-III-1.html; js/pages.js","369.86"
"images/ch1/hinh-038.png","2","chapters/ch1/muc-III-2.html; js/pages.js","271.63"
"images/ch1/hinh-042.png","2","chapters/ch1/muc-III-3.html; js/pages.js","163.05"
"images/ch1/hinh-043.png","2","chapters/ch1/muc-III-4.html; js/pages.js","296.61"
"images/ch1/hinh-044.png","2","chapters/ch1/muc-III-5.html; js/pages.js","462.91"
"images/ch1/hinh-045.png","2","chapters/ch1/muc-III-6.html; js/pages.js","437.35"
"images/ch1/hinh-046.png","2","chapters/ch1/muc-III-7.html; js/pages.js","112.04"
"images/ch1/hinh-050.png","2","chapters/ch1/muc-IV-1.html; js/pages.js","175.08"
"images/ch1/hinh-056.png","2","chapters/ch1/muc-IV-2.html; js/pages.js","186.9"
"images/ch1/hinh-078.png","2","chapters/ch1/muc-IV-3.html; js/pages.js","10.76"
"images/ch1/hinh-086.png","2","chapters/ch1/muc-IV-3.html; js/pages.js","3.75"
"images/ch1/hinh-090.png","2","chapters/ch1/muc-IV-3.html; js/pages.js","6.12"
"images/ch1/hinh-100.png","2","chapters/ch1/muc-IV-5.html; js/pages.js","211.34"
"images/ch1/hinh-107.png","2","chapters/ch1/muc-IV-5.html; js/pages.js","204.14"
"images/ch1/hinh-113.png","2","chapters/ch1/muc-IV-5.html; js/pages.js","88.94"
"images/ch1/hinh-114.png","2","chapters/ch1/muc-IV-5.html; js/pages.js","221.55"
"images/ch1/hinh-117.png","2","chapters/ch1/muc-V-2.html; js/pages.js","57.05"
"images/ch1/hinh-118.png","2","chapters/ch1/muc-V-2.html; js/pages.js","62.7"
"images/ch1/hinh-119.png","2","chapters/ch1/muc-V-2.html; js/pages.js","10.87"
"images/ch1/hinh-120.png","2","chapters/ch1/muc-V-2.html; js/pages.js","44.09"
"images/ch1/hinh-121.png","2","chapters/ch1/muc-V-2.html; js/pages.js","45.56"
"images/ch1/hinh-122.png","2","chapters/ch1/muc-V-2.html; js/pages.js","66.09"
"images/ch1/hinh-127.png","2","chapters/ch1/muc-V-3.html; js/pages.js","14.06"
"images/ch1/hinh-132.png","2","chapters/ch1/muc-V-3.html; js/pages.js","18.32"
"images/ch1/hinh-133.png","2","chapters/ch1/muc-V-3.html; js/pages.js","18.7"
"images/ch1/hinh-136.png","2","chapters/ch1/muc-V-3.html; js/pages.js","115.69"
"images/ch1/hinh-138.png","2","chapters/ch1/muc-V-3.html; js/pages.js","130.19"
"images/ch1/hinh-146.png","2","chapters/ch1/muc-V-3.html; js/pages.js","23.38"
"images/ch1/hinh-149.png","2","chapters/ch1/muc-V-3.html; js/pages.js","58.17"
"images/ch1/hinh-156.png","2","chapters/ch1/muc-V-4.html; js/pages.js","84.49"
"images/ch1/hinh-161.png","2","chapters/ch1/muc-VI-2.html; js/pages.js","27.87"
"images/ch1/hinh-173.png","2","chapters/ch1/muc-VII-1.html; js/pages.js","157.57"
"images/ch1/hinh-188.png","2","chapters/ch1/muc-VII-1.html; js/pages.js","307.99"
"images/ch1/hinh-195.png","2","chapters/ch1/muc-VII-1.html; js/pages.js","231.54"
"images/ch1/hinh-201.png","2","chapters/ch1/muc-VII-1.html; js/pages.js","57.65"
"images/ch1/hinh-208.png","2","chapters/ch1/muc-VII-1.html; js/pages.js","205.42"
"images/ch1/hinh-212.png","2","chapters/ch1/muc-VII-1.html; js/pages.js","540.37"
"images/ch1/hinh-217.png","2","chapters/ch1/muc-VII-1.html; js/pages.js","283.31"
"images/ch1/hinh-218.png","2","chapters/ch1/muc-VII-1.html; js/pages.js","212.86"
"images/ch1/hinh-222.png","2","chapters/ch1/muc-VII-1.html; js/pages.js","249.12"
"images/ch1/hinh-224.png","2","chapters/ch1/muc-VII-1.html; js/pages.js","71.65"
"images/ch1/hinh-229.png","2","chapters/ch1/muc-VII-2.html; js/pages.js","79.17"
"images/ch1/hinh-230.png","2","chapters/ch1/muc-VII-2.html; js/pages.js","87.45"
"images/ch1/hinh-231.png","2","chapters/ch1/muc-VII-2.html; js/pages.js","70.18"
"images/ch1/hinh-232.png","2","chapters/ch1/muc-VII-2.html; js/pages.js","100.9"
"images/ch1/hinh-233.png","2","chapters/ch1/muc-VII-2.html; js/pages.js","138.12"
"images/ch1/hinh-234.png","2","chapters/ch1/muc-VII-2.html; js/pages.js","119.78"
"images/ch1/hinh-235.png","2","chapters/ch1/muc-VII-2.html; js/pages.js","218.38"
"images/ch2/hinh-005.png","2","chapters/ch2/muc-I-1.html; js/pages.js","56.43"
"images/ch2/hinh-009.png","2","chapters/ch2/muc-I-1.html; js/pages.js","138.46"
"images/ch2/hinh-036.png","2","chapters/ch2/muc-I-1.html; js/pages.js","24.54"
"images/ch2/hinh-050.png","2","chapters/ch2/muc-I-2.html; js/pages.js","135.83"
"images/ch2/hinh-056.png","2","chapters/ch2/muc-I-3.html; js/pages.js","174.02"
"images/ch2/hinh-072.png","2","chapters/ch2/muc-I-4.html; js/pages.js","82.46"
"images/ch2/hinh-079.png","2","chapters/ch2/muc-I-4.html; js/pages.js","159.48"
"images/ch2/hinh-080.png","2","chapters/ch2/muc-II-2.html; js/pages.js","46.54"
"images/ch2/hinh-082.png","2","chapters/ch2/muc-II-2.html; js/pages.js","282.74"
"images/ch2/hinh-111.png","2","chapters/ch2/muc-II-2.html; js/pages.js","103.32"
"images/ch2/hinh-121.png","2","chapters/ch2/muc-II-2.html; js/pages.js","341.59"
"images/ch2/hinh-125.png","2","chapters/ch2/muc-II-2.html; js/pages.js","30.21"
"images/ch2/hinh-130.png","2","chapters/ch2/muc-II-2.html; js/pages.js","176.65"
"images/ch2/hinh-140.png","2","chapters/ch2/muc-III-1.html; js/pages.js","236.42"
"images/ch2/hinh-143.png","2","chapters/ch2/muc-III-2.html; js/pages.js","330.28"
"images/ch2/hinh-147.png","2","chapters/ch2/muc-III-2.html; js/pages.js","275.46"
"images/ch2/hinh-148.png","2","chapters/ch2/muc-IV-1.html; js/pages.js","75.09"
"images/ch2/hinh-164.png","2","chapters/ch2/muc-IV-3.html; js/pages.js","134.98"
"images/ch2/hinh-173.png","2","chapters/ch2/muc-IV-4.html; js/pages.js","20.98"
"images/ch2/hinh-182.png","2","chapters/ch2/muc-IV-4.html; js/pages.js","43.18"
"images/ch2/hinh-189.png","2","chapters/ch2/muc-IV-4.html; js/pages.js","71.78"
"images/ch2/hinh-195.png","2","chapters/ch2/muc-V-1.html; js/pages.js","30.45"
"images/ch2/hinh-196.png","2","chapters/ch2/muc-V-2.html; js/pages.js","16.02"
"images/ch2/hinh-208.png","2","chapters/ch2/muc-V-3.html; js/pages.js","13.05"
"images/ch2/hinh-209.png","2","chapters/ch2/muc-V-3.html; js/pages.js","19.1"
"images/ch2/hinh-211.png","2","chapters/ch2/muc-V-3.html; js/pages.js","80.26"
"images/ch2/hinh-219.png","2","chapters/ch2/muc-V-3.html; js/pages.js","133.58"
"images/ch2/hinh-229.png","2","chapters/ch2/muc-V-3.html; js/pages.js","91.92"
"images/ch2/hinh-239.png","2","chapters/ch2/muc-VII-1.html; js/pages.js","14.81"
"images/ch2/hinh-253.png","2","chapters/ch2/muc-VII-1.html; js/pages.js","17.06"
"images/ch2/hinh-257.png","2","chapters/ch2/muc-VII-1.html; js/pages.js","8.51"
"images/ch2/hinh-261.png","2","chapters/ch2/muc-VII-1.html; js/pages.js","17.02"
"images/ch2/hinh-263.png","2","chapters/ch2/muc-VII-1.html; js/pages.js","10.22"
"images/ch2/hinh-276.png","2","chapters/ch2/muc-VII-1.html; js/pages.js","210.37"
"images/ch2/hinh-277.png","2","chapters/ch2/muc-VII-1.html; js/pages.js","90.79"
"images/ch2/hinh-278.png","2","chapters/ch2/muc-VII-1.html; js/pages.js","120.64"
"images/ch2/hinh-282.png","2","chapters/ch2/muc-VII-1.html; js/pages.js","142.42"
"images/ch2/hinh-296.png","2","chapters/ch2/muc-VII-2.html; js/pages.js","175.07"
"images/ch2/hinh-297.png","2","chapters/ch2/muc-VII-2.html; js/pages.js","236.13"
"images/ch3/hinh-008.png","2","chapters/ch3/muc-II-2.html; js/pages.js","119.2"
"images/ch3/hinh-033.png","2","chapters/ch3/muc-IV-1.html; js/pages.js","88.77"
"images/ch3/hinh-043.png","2","chapters/ch3/muc-IV-1.html; js/pages.js","6.85"
"images/ch3/hinh-050.png","2","chapters/ch3/muc-IV-1.html; js/pages.js","198.41"
"images/ch3/hinh-068.png","2","chapters/ch3/muc-V-2.html; js/pages.js","15.67"
"images/ch3/hinh-101.png","2","chapters/ch3/muc-V-2.html; js/pages.js","314.17"
"images/ch3/hinh-111.png","2","chapters/ch3/muc-V-3.html; js/pages.js","27.77"
"images/ch3/hinh-115.png","2","chapters/ch3/muc-V-3.html; js/pages.js","120.26"
"images/ch3/hinh-123.png","2","chapters/ch3/muc-V-3.html; js/pages.js","168.56"
"images/ch3/hinh-133.png","2","chapters/ch3/muc-V-4.html; js/pages.js","23.12"
"images/ch3/hinh-142.png","2","chapters/ch3/muc-V-4.html; js/pages.js","16.4"
"images/ch3/hinh-151.png","2","chapters/ch3/muc-VI-1.html; js/pages.js","283.64"
"images/ch3/hinh-169.png","2","chapters/ch3/muc-VI-3.html; js/pages.js","364.67"
"images/ch3/hinh-174.png","2","chapters/ch3/muc-VI-3.html; js/pages.js","165.48"
"images/ch3/hinh-177.png","2","chapters/ch3/muc-VI-3.html; js/pages.js","96.41"
"images/ch3/hinh-197.png","2","chapters/ch3/muc-VI-3.html; js/pages.js","282.44"
"images/ch3/hinh-199.png","2","chapters/ch3/muc-VI-3.html; js/pages.js","180.01"
"images/ch3/hinh-200.png","2","chapters/ch3/muc-VI-3.html; js/pages.js","651.69"
"images/ch3/hinh-207.png","2","chapters/ch3/muc-VI-3.html; js/pages.js","242.65"
"images/ch3/hinh-216.png","2","chapters/ch3/muc-VII-1.html; js/pages.js","111.3"
"images/ch3/hinh-217.png","2","chapters/ch3/muc-VII-1.html; js/pages.js","316.15"
"images/ch3/hinh-224.png","2","chapters/ch3/muc-VII-1.html; js/pages.js","313.66"
"images/ch3/hinh-225.png","2","chapters/ch3/muc-VII-1.html; js/pages.js","93.91"
"images/ch3/hinh-237.png","2","chapters/ch3/muc-VII-1.html; js/pages.js","103.61"
"images/ch3/hinh-244.png","2","chapters/ch3/muc-VII-1.html; js/pages.js","348.02"
"images/ch3/hinh-256.png","2","chapters/ch3/muc-VII-2.html; js/pages.js","203.1"
"images/ch3/hinh-275.png","2","chapters/ch3/muc-VII-2.html; js/pages.js","215.43"
"images/ch3/hinh-293.png","2","chapters/ch3/muc-VII-2.html; js/pages.js","236.82"
