requirementId,title,ownerRole,sourceRef,status,authorityStatus,reviewRole,learningOutcomeIds,evidenceIds,commands,artifacts,hashes,evidenceStatuses
req-legal-academic-baseline,"Khóa yêu cầu pháp lý, học thuật và tiêu chí nghiệm thu",Academic governance,Todo_For_GiaoTrinhDienTu.txt#1-p0,draft,provisional,Academic review,lo-ch1-statics;lo-ch2-kinematics;lo-ch3-dynamics,traceability-validation,npm run validate:traceability,plans/260820-0924-deep-tdd-remediation-for-electronic-textbook-release-readiness/evidence/command-captures/traceability-validation.log,sha256:7536f8a4e97cf72d6b09e76d66faba79efa49dd49c730850068e20f98021f00a,pass
req-requirement-traceability,Lập ma trận yêu cầu → chức năng → phép kiểm → bằng chứng,Academic governance,Todo_For_GiaoTrinhDienTu.txt#1-p0,draft,provisional,Academic review,lo-ch1-statics;lo-ch2-kinematics;lo-ch3-dynamics,traceability-validation,npm run validate:traceability,plans/260820-0924-deep-tdd-remediation-for-electronic-textbook-release-readiness/evidence/command-captures/traceability-validation.log,sha256:7536f8a4e97cf72d6b09e76d66faba79efa49dd49c730850068e20f98021f00a,pass
req-chapter-learning-outcomes,Ánh xạ nội dung từng chương với mục tiêu học phần và chuẩn đầu ra,Academic governance,Thông tư 35/2021/TT-BGDĐT,draft,provisional,Academic review,lo-ch1-statics;lo-ch2-kinematics;lo-ch3-dynamics,traceability-validation,npm run validate:traceability,plans/260820-0924-deep-tdd-remediation-for-electronic-textbook-release-readiness/evidence/command-captures/traceability-validation.log,sha256:7536f8a4e97cf72d6b09e76d66faba79efa49dd49c730850068e20f98021f00a,pass
req-academic-content-review,"Kiểm tra kiến thức, công thức, ví dụ, bài tập và câu hỏi phù hợp chương trình",Academic governance,Thông tư 35/2021/TT-BGDĐT,draft,provisional,Academic review,lo-ch1-statics;lo-ch2-kinematics;lo-ch3-dynamics,traceability-validation,npm run validate:traceability,plans/260820-0924-deep-tdd-remediation-for-electronic-textbook-release-readiness/evidence/command-captures/traceability-validation.log,sha256:7536f8a4e97cf72d6b09e76d66faba79efa49dd49c730850068e20f98021f00a,pass
req-theory-practice-balance,"Kiểm tra cân đối lý thuyết, ví dụ, mô phỏng, bài tập và tự kiểm tra",Academic governance,Thông tư 35/2021/TT-BGDĐT,draft,provisional,Academic review,lo-ch1-statics;lo-ch2-kinematics;lo-ch3-dynamics,traceability-validation,npm run validate:traceability,plans/260820-0924-deep-tdd-remediation-for-electronic-textbook-release-readiness/evidence/command-captures/traceability-validation.log,sha256:7536f8a4e97cf72d6b09e76d66faba79efa49dd49c730850068e20f98021f00a,pass
req-reference-provenance,"Chuẩn hóa tài liệu tham khảo và nguồn hình, bảng, nội dung trích dẫn",Academic governance,Thông tư 35/2021/TT-BGDĐT,draft,provisional,Academic review,lo-ch1-statics;lo-ch2-kinematics;lo-ch3-dynamics,traceability-validation,npm run validate:traceability,plans/260820-0924-deep-tdd-remediation-for-electronic-textbook-release-readiness/evidence/command-captures/traceability-validation.log,sha256:7536f8a4e97cf72d6b09e76d66faba79efa49dd49c730850068e20f98021f00a,pass
req-asset-rights-review,"Rà soát quyền sử dụng hình ảnh, font, thư viện và tài sản",Academic governance,Todo_For_GiaoTrinhDienTu.txt#1-p0,draft,provisional,Academic review,lo-ch1-statics;lo-ch2-kinematics;lo-ch3-dynamics,traceability-validation,npm run validate:traceability,plans/260820-0924-deep-tdd-remediation-for-electronic-textbook-release-readiness/evidence/command-captures/traceability-validation.log,sha256:7536f8a4e97cf72d6b09e76d66faba79efa49dd49c730850068e20f98021f00a,pass
req-release-register,"Tạo danh mục phiên bản giáo trình, ngày phát hành, vai trò kiểm tra và phê duyệt",Academic governance,Todo_For_GiaoTrinhDienTu.txt#1-p0,draft,provisional,Academic review,lo-ch1-statics;lo-ch2-kinematics;lo-ch3-dynamics,traceability-validation,npm run validate:traceability,plans/260820-0924-deep-tdd-remediation-for-electronic-textbook-release-readiness/evidence/command-captures/traceability-validation.log,sha256:7536f8a4e97cf72d6b09e76d66faba79efa49dd49c730850068e20f98021f00a,pass
req-truthful-feature-status,"Phân biệt đã triển khai, pilot và định hướng trong hồ sơ",Academic governance,Todo_For_GiaoTrinhDienTu.txt#1-p0,draft,provisional,Academic review,lo-ch1-statics;lo-ch2-kinematics;lo-ch3-dynamics,traceability-validation,npm run validate:traceability,plans/260820-0924-deep-tdd-remediation-for-electronic-textbook-release-readiness/evidence/command-captures/traceability-validation.log,sha256:7536f8a4e97cf72d6b09e76d66faba79efa49dd49c730850068e20f98021f00a,pass
